{
  "[[1], [2], [3], [4], [5], [6], [7], [8]]": {
    "{'normalization': '0-mean 1-var', 'hidden_layers': [11]}": 9.528485715389252,
    "{'normalization': '0-mean 1-var', 'hidden_layers': [38, 11, 38]}": 8.680699110031128,
    "{'normalization': '0-mean 1-var', 'hidden_layers': [58, 38, 29, 11, 29, 38, 58]}": 8.54755687713623,
    "{'normalization': '0-mean 1-var', 'hidden_layers': [29]}": 9.112285673618317,
    "{'normalization': '0-mean 1-var', 'hidden_layers': [58, 29, 58]}": 8.574953317642212,
    "{'normalization': '0-mean 1-var', 'hidden_layers': [86, 58, 38, 29, 38, 58, 86]}": 8.524995684623718,
    "{'normalization': 'min-max', 'hidden_layers': [11]}": 0.9247578978538513,
    "{'normalization': 'min-max', 'hidden_layers': [38, 11, 38]}": 0.7668981328606606,
    "{'normalization': 'min-max', 'hidden_layers': [58, 38, 29, 11, 29, 38, 58]}": 0.7094071991741657,
    "{'normalization': 'min-max', 'hidden_layers': [29]}": 0.7694877125322819,
    "{'normalization': 'min-max', 'hidden_layers': [58, 29, 58]}": 0.7329512536525726,
    "{'normalization': 'min-max', 'hidden_layers': [86, 58, 38, 29, 38, 58, 86]}": 0.6611756756901741
  },
  "[[0], [2], [3], [4], [5], [6], [7], [8]]": {
    "{'normalization': '0-mean 1-var', 'hidden_layers': [11]}": 9.791768610477448,
    "{'normalization': '0-mean 1-var', 'hidden_layers': [38, 11, 38]}": 8.970169186592102,
    "{'normalization': '0-mean 1-var', 'hidden_layers': [58, 38, 29, 11, 29, 38, 58]}": 8.83303987979889,
    "{'normalization': '0-mean 1-var', 'hidden_layers': [29]}": 9.446199357509613,
    "{'normalization': '0-mean 1-var', 'hidden_layers': [58, 29, 58]}": 8.864497065544128,
    "{'normalization': '0-mean 1-var', 'hidden_layers': [86, 58, 38, 29, 38, 58, 86]}": 8.80719804763794,
    "{'normalization': 'min-max', 'hidden_layers': [11]}": 0.8630026578903198,
    "{'normalization': 'min-max', 'hidden_layers': [38, 11, 38]}": 0.7097024135291576,
    "{'normalization': 'min-max', 'hidden_layers': [58, 38, 29, 11, 29, 38, 58]}": 0.6570558547973633,
    "{'normalization': 'min-max', 'hidden_layers': [29]}": 0.7088662274181843,
    "{'normalization': 'min-max', 'hidden_layers': [58, 29, 58]}": 0.6690196059644222,
    "{'normalization': 'min-max', 'hidden_layers': [86, 58, 38, 29, 38, 58, 86]}": 0.6048075370490551
  },
  "[[0], [1], [3], [4], [5], [6], [7], [8]]": {
    "{'normalization': '0-mean 1-var', 'hidden_layers': [11]}": 9.849085986614227,
    "{'normalization': '0-mean 1-var', 'hidden_layers': [38, 11, 38]}": 9.009292483329773,
    "{'normalization': '0-mean 1-var', 'hidden_layers': [58, 38, 29, 11, 29, 38, 58]}": 8.878643274307251,
    "{'normalization': '0-mean 1-var', 'hidden_layers': [29]}": 9.471506655216217,
    "{'normalization': '0-mean 1-var', 'hidden_layers': [58, 29, 58]}": 8.924878776073456,
    "{'normalization': '0-mean 1-var', 'hidden_layers': [86, 58, 38, 29, 38, 58, 86]}": 8.859583377838135,
    "{'normalization': 'min-max', 'hidden_layers': [11]}": 0.8876211270689964,
    "{'normalization': 'min-max', 'hidden_layers': [38, 11, 38]}": 0.7208495922386646,
    "{'normalization': 'min-max', 'hidden_layers': [58, 38, 29, 11, 29, 38, 58]}": 0.6697063520550728,
    "{'normalization': 'min-max', 'hidden_layers': [29]}": 0.7349018268287182,
    "{'normalization': 'min-max', 'hidden_layers': [58, 29, 58]}": 0.6871348731219769,
    "{'normalization': 'min-max', 'hidden_layers': [86, 58, 38, 29, 38, 58, 86]}": 0.6152664013206959
  },
  "[[0], [1], [2], [4], [5], [6], [7], [8]]": {
    "{'normalization': '0-mean 1-var', 'hidden_layers': [11]}": 9.895174443721771,
    "{'normalization': '0-mean 1-var', 'hidden_layers': [38, 11, 38]}": 9.00740122795105,
    "{'normalization': '0-mean 1-var', 'hidden_layers': [58, 38, 29, 11, 29, 38, 58]}": 8.873498022556305,
    "{'normalization': '0-mean 1-var', 'hidden_layers': [29]}": 9.463781714439392,
    "{'normalization': '0-mean 1-var', 'hidden_layers': [58, 29, 58]}": 8.90583860874176,
    "{'normalization': '0-mean 1-var', 'hidden_layers': [86, 58, 38, 29, 38, 58, 86]}": 8.849985957145691,
    "{'normalization': 'min-max', 'hidden_layers': [11]}": 0.9273156672716141,
    "{'normalization': 'min-max', 'hidden_layers': [38, 11, 38]}": 0.7651071287691593,
    "{'normalization': 'min-max', 'hidden_layers': [58, 38, 29, 11, 29, 38, 58]}": 0.7191372103989124,
    "{'normalization': 'min-max', 'hidden_layers': [29]}": 0.7845304310321808,
    "{'normalization': 'min-max', 'hidden_layers': [58, 29, 58]}": 0.7507603280246258,
    "{'normalization': 'min-max', 'hidden_layers': [86, 58, 38, 29, 38, 58, 86]}": 0.6630609594285488
  },
  "[[0], [1], [2], [3], [5], [6], [7], [8]]": {
    "{'normalization': '0-mean 1-var', 'hidden_layers': [11]}": 9.584867656230927,
    "{'normalization': '0-mean 1-var', 'hidden_layers': [38, 11, 38]}": 8.722555041313171,
    "{'normalization': '0-mean 1-var', 'hidden_layers': [58, 38, 29, 11, 29, 38, 58]}": 8.591455459594727,
    "{'normalization': '0-mean 1-var', 'hidden_layers': [29]}": 9.190769493579865,
    "{'normalization': '0-mean 1-var', 'hidden_layers': [58, 29, 58]}": 8.623931527137756,
    "{'normalization': '0-mean 1-var', 'hidden_layers': [86, 58, 38, 29, 38, 58, 86]}": 8.570054411888123,
    "{'normalization': 'min-max', 'hidden_layers': [11]}": 0.9143600463867188,
    "{'normalization': 'min-max', 'hidden_layers': [38, 11, 38]}": 0.7468637190759182,
    "{'normalization': 'min-max', 'hidden_layers': [58, 38, 29, 11, 29, 38, 58]}": 0.6971844881772995,
    "{'normalization': 'min-max', 'hidden_layers': [29]}": 0.7472390122711658,
    "{'normalization': 'min-max', 'hidden_layers': [58, 29, 58]}": 0.7177379690110683,
    "{'normalization': 'min-max', 'hidden_layers': [86, 58, 38, 29, 38, 58, 86]}": 0.6350816376507282
  },
  "[[0], [1], [2], [3], [4], [6], [7], [8]]": {
    "{'normalization': '0-mean 1-var', 'hidden_layers': [11]}": 9.432494461536407,
    "{'normalization': '0-mean 1-var', 'hidden_layers': [38, 11, 38]}": 8.626324653625488,
    "{'normalization': '0-mean 1-var', 'hidden_layers': [58, 38, 29, 11, 29, 38, 58]}": 8.497417211532593,
    "{'normalization': '0-mean 1-var', 'hidden_layers': [29]}": 9.10873144865036,
    "{'normalization': '0-mean 1-var', 'hidden_layers': [58, 29, 58]}": 8.510149002075195,
    "{'normalization': '0-mean 1-var', 'hidden_layers': [86, 58, 38, 29, 38, 58, 86]}": 8.46841561794281,
    "{'normalization': 'min-max', 'hidden_layers': [11]}": 0.8852512985467911,
    "{'normalization': 'min-max', 'hidden_layers': [38, 11, 38]}": 0.7334841154515743,
    "{'normalization': 'min-max', 'hidden_layers': [58, 38, 29, 11, 29, 38, 58]}": 0.6790421083569527,
    "{'normalization': 'min-max', 'hidden_layers': [29]}": 0.7360316328704357,
    "{'normalization': 'min-max', 'hidden_layers': [58, 29, 58]}": 0.7140650637447834,
    "{'normalization': 'min-max', 'hidden_layers': [86, 58, 38, 29, 38, 58, 86]}": 0.6259001828730106
  },
  "[[0], [1], [2], [3], [4], [5], [7], [8]]": {
    "{'normalization': '0-mean 1-var', 'hidden_layers': [11]}": 8.930738031864166,
    "{'normalization': '0-mean 1-var', 'hidden_layers': [38, 11, 38]}": 8.128560900688171,
    "{'normalization': '0-mean 1-var', 'hidden_layers': [58, 38, 29, 11, 29, 38, 58]}": 7.989558100700378,
    "{'normalization': '0-mean 1-var', 'hidden_layers': [29]}": 8.481015264987946,
    "{'normalization': '0-mean 1-var', 'hidden_layers': [58, 29, 58]}": 8.023916959762573,
    "{'normalization': '0-mean 1-var', 'hidden_layers': [86, 58, 38, 29, 38, 58, 86]}": 7.967876195907593,
    "{'normalization': 'min-max', 'hidden_layers': [11]}": 0.8439517170190811,
    "{'normalization': 'min-max', 'hidden_layers': [38, 11, 38]}": 0.715297419577837,
    "{'normalization': 'min-max', 'hidden_layers': [58, 38, 29, 11, 29, 38, 58]}": 0.6605763211846352,
    "{'normalization': 'min-max', 'hidden_layers': [29]}": 0.7219364605844021,