{
  "[[1], [2], [3], [4], [5], [6], [7], [8]]": {
    "{'normalization': '0-mean 1-var', 'hidden_layers': [11]}": 0.983320027589798,
    "{'normalization': '0-mean 1-var', 'hidden_layers': [38, 11, 38]}": 0.24769808072596788,
    "{'normalization': '0-mean 1-var', 'hidden_layers': [58, 38, 29, 11, 29, 38, 58]}": 0.3299934584647417,
    "{'normalization': '0-mean 1-var', 'hidden_layers': [29]}": 0.10501567972823977,
    "{'normalization': '0-mean 1-var', 'hidden_layers': [58, 29, 58]}": 0.11131366528570652,
    "{'normalization': '0-mean 1-var', 'hidden_layers': [86, 58, 38, 29, 38, 58, 86]}": 0.19531709048897028,
    "{'normalization': 'min-max', 'hidden_layers': [11]}": 0.00813214635127224,
    "{'normalization': 'min-max', 'hidden_layers': [38, 11, 38]}": 0.010490549844689667,
    "{'normalization': 'min-max', 'hidden_layers': [58, 38, 29, 11, 29, 38, 58]}": 0.021056156139820814,
    "{'normalization': 'min-max', 'hidden_layers': [29]}": 0.004400133097078651,
    "{'normalization': 'min-max', 'hidden_layers': [58, 29, 58]}": 0.008629602089058608,
    "{'normalization': 'min-max', 'hidden_layers': [86, 58, 38, 29, 38, 58, 86]}": 0.018808800959959626
  },
  "[[0], [2], [3], [4], [5], [6], [7], [8]]": {
    "{'normalization': '0-mean 1-var', 'hidden_layers': [11]}": 1.1322112046182156,
    "{'normalization': '0-mean 1-var', 'hidden_layers': [38, 11, 38]}": 0.29831034783273935,
    "{'normalization': '0-mean 1-var', 'hidden_layers': [58, 38, 29, 11, 29, 38, 58]}": 0.3653866443783045,
    "{'normalization': '0-mean 1-var', 'hidden_layers': [29]}": 0.12297082552686334,
    "{'normalization': '0-mean 1-var', 'hidden_layers': [58, 29, 58]}": 0.12249703565612435,
    "{'normalization': '0-mean 1-var', 'hidden_layers': [86, 58, 38, 29, 38, 58, 86]}": 0.210570159368217,
    "{'normalization': 'min-max', 'hidden_layers': [11]}": 0.00735257615451701,
    "{'normalization': 'min-max', 'hidden_layers': [38, 11, 38]}": 0.009843974898103625,
    "{'normalization': 'min-max', 'hidden_layers': [58, 38, 29, 11, 29, 38, 58]}": 0.016885237535461783,
    "{'normalization': 'min-max', 'hidden_layers': [29]}": 0.004125173494685441,
    "{'normalization': 'min-max', 'hidden_layers': [58, 29, 58]}": 0.008509382780175656,
    "{'normalization': 'min-max', 'hidden_layers': [86, 58, 38, 29, 38, 58, 86]}": 0.018617665162310004
  },
  "[[0], [1], [3], [4], [5], [6], [7], [8]]": {
    "{'normalization': '0-mean 1-var', 'hidden_layers': [11]}": 1.0122745484113693,
    "{'normalization': '0-mean 1-var', 'hidden_layers': [38, 11, 38]}": 0.2909842627122998,
    "{'normalization': '0-mean 1-var', 'hidden_layers': [58, 38, 29, 11, 29, 38, 58]}": 0.3463095333427191,
    "{'normalization': '0-mean 1-var', 'hidden_layers': [29]}": 0.12026956724002957,
    "{'normalization': '0-mean 1-var', 'hidden_layers': [58, 29, 58]}": 0.12268548458814621,
    "{'normalization': '0-mean 1-var', 'hidden_layers': [86, 58, 38, 29, 38, 58, 86]}": 0.22947175428271294,
    "{'normalization': 'min-max', 'hidden_layers': [11]}": 0.007817627832992002,
    "{'normalization': 'min-max', 'hidden_layers': [38, 11, 38]}": 0.010101609921548516,
    "{'normalization': 'min-max', 'hidden_layers': [58, 38, 29, 11, 29, 38, 58]}": 0.021340586245059967,
    "{'normalization': 'min-max', 'hidden_layers': [29]}": 0.004400573554448783,
    "{'normalization': 'min-max', 'hidden_layers': [58, 29, 58]}": 0.008471234526950866,
    "{'normalization': 'min-max', 'hidden_layers': [86, 58, 38, 29, 38, 58, 86]}": 0.01814657007344067
  },
  "[[0], [1], [2], [4], [5], [6], [7], [8]]": {
    "{'normalization': '0-mean 1-var', 'hidden_layers': [11]}": 1.0401380807161331,
    "{'normalization': '0-mean 1-var', 'hidden_layers': [38, 11, 38]}": 0.28627314139157534,
    "{'normalization': '0-mean 1-var', 'hidden_layers': [58, 38, 29, 11, 29, 38, 58]}": 0.3562295977026224,
    "{'normalization': '0-mean 1-var', 'hidden_layers': [29]}": 0.11369545059278607,
    "{'normalization': '0-mean 1-var', 'hidden_layers': [58, 29, 58]}": 0.11082555539906025,
    "{'normalization': '0-mean 1-var', 'hidden_layers': [86, 58, 38, 29, 38, 58, 86]}": 0.21394658368080854,
    "{'normalization': 'min-max', 'hidden_layers': [11]}": 0.008229343395214528,
    "{'normalization': 'min-max', 'hidden_layers': [38, 11, 38]}": 0.010619926790241152,
    "{'normalization': 'min-max', 'hidden_layers': [58, 38, 29, 11, 29, 38, 58]}": 0.021949839545413852,
    "{'normalization': 'min-max', 'hidden_layers': [29]}": 0.004407959902891889,
    "{'normalization': 'min-max', 'hidden_layers': [58, 29, 58]}": 0.008727318258024752,
    "{'normalization': 'min-max', 'hidden_layers': [86, 58, 38, 29, 38, 58, 86]}": 0.019704494974575937
  },
  "[[0], [1], [2], [3], [5], [6], [7], [8]]": {
    "{'normalization': '0-mean 1-var', 'hidden_layers': [11]}": 1.120668288320303,
    "{'normalization': '0-mean 1-var', 'hidden_layers': [38, 11, 38]}": 0.3069660384207964,
    "{'normalization': '0-mean 1-var', 'hidden_layers': [58, 38, 29, 11, 29, 38, 58]}": 0.37311205081641674,
    "{'normalization': '0-mean 1-var', 'hidden_layers': [29]}": 0.12365547474473715,
    "{'normalization': '0-mean 1-var', 'hidden_layers': [58, 29, 58]}": 0.12545711128041148,
    "{'normalization': '0-mean 1-var', 'hidden_layers': [86, 58, 38, 29, 38, 58, 86]}": 0.232710599899292,
    "{'normalization': 'min-max', 'hidden_layers': [11]}": 0.007871874287957326,
    "{'normalization': 'min-max', 'hidden_layers': [38, 11, 38]}": 0.010247272963169962,
    "{'normalization': 'min-max', 'hidden_layers': [58, 38, 29, 11, 29, 38, 58]}": 0.02149795275181532,
    "{'normalization': 'min-max', 'hidden_layers': [29]}": 0.004344859713455662,
    "{'normalization': 'min-max', 'hidden_layers': [58, 29, 58]}": 0.008396509976591915,
    "{'normalization': 'min-max', 'hidden_layers': [86, 58, 38, 29, 38, 58, 86]}": 0.01940248697064817
  },
  "[[0], [1], [2], [3], [4], [6], [7], [8]]": {
    "{'normalization': '0-mean 1-var', 'hidden_layers': [11]}": 1.0766354352235794,
    "{'normalization': '0-mean 1-var', 'hidden_layers': [38, 11, 38]}": 0.2974974615499377,
    "{'normalization': '0-mean 1-var', 'hidden_layers': [58, 38, 29, 11, 29, 38, 58]}": 0.3800516650080681,
    "{'normalization': '0-mean 1-var', 'hidden_layers': [29]}": 0.11978649022057652,
    "{'normalization': '0-mean 1-var', 'hidden_layers': [58, 29, 58]}": 0.12499117013067007,
    "{'normalization': '0-mean 1-var', 'hidden_layers': [86, 58, 38, 29, 38, 58, 86]}": 0.22051688190549612,
    "{'normalization': 'min-max', 'hidden_layers': [11]}": 0.007626939128385857,
    "{'normalization': 'min-max', 'hidden_layers': [38, 11, 38]}": 0.010135695163626224,
    "{'normalization': 'min-max', 'hidden_layers': [58, 38, 29, 11, 29, 38, 58]}": 0.021368873422034085,
    "{'normalization': 'min-max', 'hidden_layers': [29]}": 0.004289184114895761,
    "{'normalization': 'min-max', 'hidden_layers': [58, 29, 58]}": 0.008341776498127729,
    "{'normalization': 'min-max', 'hidden_layers': [86, 58, 38, 29, 38, 58, 86]}": 0.019167773076333106
  },
  "[[0], [1], [2], [3], [4], [5], [7], [8]]": {
    "{'normalization': '0-mean 1-var', 'hidden_layers': [11]}": 0.9051280170679092,
    "{'normalization': '0-mean 1-var', 'hidden_layers': [38, 11, 38]}": 0.22287694830447435,
    "{'normalization': '0-mean 1-var', 'hidden_layers': [58, 38, 29, 11, 29, 38, 58]}": 0.28436104394495487,
    "{'normalization': '0-mean 1-var', 'hidden_layers': [29]}": 0.09424755675718188,
    "{'normalization': '0-mean 1-var', 'hidden_layers': [58, 29, 58]}": 0.08174430951476097,
    "{'normalization': '0-mean 1-var', 'hidden_layers': [86, 58, 38, 29, 38, 58, 86]}": 0.17237784061580896,
    "{'normalization': 'min-max', 'hidden_layers': [11]}": 0.007478583516785875,
    "{'normalization': 'min-max', 'hidden_layers': [38, 11, 38]}": 0.009693447209428996,
    "{'normalization': 'min-max', 'hidden_layers': [58, 38, 29, 11, 29, 38, 58]}": 0.019584547262638807,