{
  "[[1], [2], [3], [4], [5], [6], [7], [8]]": {
    "{'hidden_layers': []}": 0.001654923165915534,
    "{'hidden_layers': [11]}": 0.006349748728098348,
    "{'hidden_layers': [38, 11, 38]}": 0.010238194197881967,
    "{'hidden_layers': [58, 38, 29, 11, 29, 38, 58]}": 0.020325778052210808,
    "{'hidden_layers': [29]}": 0.0038667639310006052,
    "{'hidden_layers': [58, 29, 58]}": 0.009451181918848306,
    "{'hidden_layers': [86, 58, 38, 29, 38, 58, 86]}": 0.020241200691089034,
    "{'hidden_layers': [58]}": 0.0035240705765318125,
    "{'hidden_layers': [86]}": 0.003392111713765189,
    "{'hidden_layers': [115]}": 0.0032854658202268183
  },
  "[[0], [2], [3], [4], [5], [6], [7], [8]]": {
    "{'hidden_layers': []}": 0.0016530318243894726,
    "{'hidden_layers': [11]}": 0.0060570201894734055,
    "{'hidden_layers': [38, 11, 38]}": 0.010073050623759627,
    "{'hidden_layers': [58, 38, 29, 11, 29, 38, 58]}": 0.021884716348722577,
    "{'hidden_layers': [29]}": 0.003802079037996009,
    "{'hidden_layers': [58, 29, 58]}": 0.009450411365833133,
    "{'hidden_layers': [86, 58, 38, 29, 38, 58, 86]}": 0.019347564782947302,
    "{'hidden_layers': [58]}": 0.003517423669109121,
    "{'hidden_layers': [86]}": 0.0033857915550470352,
    "{'hidden_layers': [115]}": 0.003306532744318247
  },
  "[[0], [1], [3], [4], [5], [6], [7], [8]]": {
    "{'hidden_layers': []}": 0.0016967970150290057,
    "{'hidden_layers': [11]}": 0.006246283097425476,
    "{'hidden_layers': [38, 11, 38]}": 0.00981700827833265,
    "{'hidden_layers': [58, 38, 29, 11, 29, 38, 58]}": 0.022034841356799006,
    "{'hidden_layers': [29]}": 0.003938053851015866,
    "{'hidden_layers': [58, 29, 58]}": 0.009285131003707647,
    "{'hidden_layers': [86, 58, 38, 29, 38, 58, 86]}": 0.019568952964618802,
    "{'hidden_layers': [58]}": 0.0035954912891611457,
    "{'hidden_layers': [86]}": 0.003457146609434858,
    "{'hidden_layers': [115]}": 0.003350841347128153
  },
  "[[0], [1], [2], [4], [5], [6], [7], [8]]": {
    "{'hidden_layers': []}": 0.0016401785251218826,
    "{'hidden_layers': [11]}": 0.006421678408514708,
    "{'hidden_layers': [38, 11, 38]}": 0.010351839067880064,
    "{'hidden_layers': [58, 38, 29, 11, 29, 38, 58]}": 0.023470174754038453,
    "{'hidden_layers': [29]}": 0.003839652199530974,
    "{'hidden_layers': [58, 29, 58]}": 0.009547657333314419,
    "{'hidden_layers': [86, 58, 38, 29, 38, 58, 86]}": 0.02089024311862886,
    "{'hidden_layers': [58]}": 0.0035004167584702373,
    "{'hidden_layers': [86]}": 0.0033561941527295858,
    "{'hidden_layers': [115]}": 0.003240365826059133
  },
  "[[0], [1], [2], [3], [5], [6], [7], [8]]": {
    "{'hidden_layers': []}": 0.0016486180538777262,
    "{'hidden_layers': [11]}": 0.006079408660298213,
    "{'hidden_layers': [38, 11, 38]}": 0.009749646182172,
    "{'hidden_layers': [58, 38, 29, 11, 29, 38, 58]}": 0.023470935062505305,
    "{'hidden_layers': [29]}": 0.00383880379376933,
    "{'hidden_layers': [58, 29, 58]}": 0.009136743959970772,
    "{'hidden_layers': [86, 58, 38, 29, 38, 58, 86]}": 0.02091315179131925,
    "{'hidden_layers': [58]}": 0.0035197629767935723,
    "{'hidden_layers': [86]}": 0.0033781380334403366,
    "{'hidden_layers': [115]}": 0.0032769376994110644
  },
  "[[0], [1], [2], [3], [4], [6], [7], [8]]": {
    "{'hidden_layers': []}": 0.001608307778951712,
    "{'hidden_layers': [11]}": 0.005792116658994928,
    "{'hidden_layers': [38, 11, 38]}": 0.010096025886014104,
    "{'hidden_layers': [58, 38, 29, 11, 29, 38, 58]}": 0.02363877242896706,
    "{'hidden_layers': [29]}": 0.003755309124244377,
    "{'hidden_layers': [58, 29, 58]}": 0.009147512493655086,
    "{'hidden_layers': [86, 58, 38, 29, 38, 58, 86]}": 0.02079761470668018,
    "{'hidden_layers': [58]}": 0.0034197616041637957,
    "{'hidden_layers': [86]}": 0.0032716860296204686,
    "{'hidden_layers': [115]}": 0.003175992169417441
  },
  "[[0], [1], [2], [3], [4], [5], [7], [8]]": {
    "{'hidden_layers': []}": 0.0014978416729718447,
    "{'hidden_layers': [11]}": 0.0058851704525295645,
    "{'hidden_layers': [38, 11, 38]}": 0.009451540769077837,
    "{'hidden_layers': [58, 38, 29, 11, 29, 38, 58]}": 0.021342335268855095,
    "{'hidden_layers': [29]}": 0.0035490657028276473,
    "{'hidden_layers': [58, 29, 58]}": 0.008620960870757699,
    "{'hidden_layers': [86, 58, 38, 29, 38, 58, 86]}": 0.018843941623345017,
    "{'hidden_layers': [58]}": 0.00322629080619663,
    "{'hidden_layers': [86]}": 0.0030970278021413833,
    "{'hidden_layers': [115]}": 0.0029915398044977337
  },
  "[[0], [1], [2], [3], [4], [5], [6], [8]]": {
    "{'hidden_layers': []}": 0.0016431594995083287,
    "{'hidden_layers': [11]}": 0.00602989862090908,
    "{'hidden_layers': [38, 11, 38]}": 0.009261348866857588,
    "{'hidden_layers': [58, 38, 29, 11, 29, 38, 58]}": 0.02210980700328946,
    "{'hidden_layers': [29]}": 0.003855624294374138,
    "{'hidden_layers': [58, 29, 58]}": 0.008688213187269866,
    "{'hidden_layers': [86, 58, 38, 29, 38, 58, 86]}": 0.019618711667135358,
    "{'hidden_layers': [58]}": 0.0035165459266863763,
    "{'hidden_layers': [86]}": 0.0033871138584800065,
    "{'hidden_layers': [115]}": 0.003279769327491522
  },
  "[[0], [1], [2], [3], [4], [5], [6], [7]]": {
    "{'hidden_layers': []}": 0.0016372619284084067,
    "{'hidden_layers': [11]}": 0.006112070026574656,
    "{'hidden_layers': [38, 11, 38]}": 0.009696105145849288,
    "{'hidden_layers': [58, 38, 29, 11, 29, 38, 58]}": 0.02113594301044941,
    "{'hidden_layers': [29]}": 0.003769020113395527,
    "{'hidden_layers': [58, 29, 58]}": 0.008918020175769925,
    "{'hidden_layers': [86, 58, 38, 29, 38, 58, 86]}": 0.018570530926808715,
    "{'hidden_layers': [58]}": 0.0034585909743327647,
    "{'hidden_layers': [86]}": 0.0033398873929399997,
    "{'hidden_layers': [115]}": 0.003250048292102292
  }
}