{
  "[[1, 2, 3, 4, 5, 6, 7, 8]]": {
    "{'normalization': '0-mean 1-var', 'hidden_layers': [11]}": 0.13100716471672058,
    "{'normalization': '0-mean 1-var', 'hidden_layers': [38, 11, 38]}": 0.02989983931183815,
    "{'normalization': '0-mean 1-var', 'hidden_layers': [58, 38, 29, 10, 29, 38, 58]}": 0.027993815019726753,
    "{'normalization': '0-mean 1-var', 'hidden_layers': [29]}": 0.021543342620134354,
    "{'normalization': '0-mean 1-var', 'hidden_layers': [58, 29, 58]}": 0.006067140027880669,
    "{'normalization': '0-mean 1-var', 'hidden_layers': [86, 58, 38, 29, 38, 58, 86]}": 0.02554549090564251,
    "{'normalization': 'min-max', 'hidden_layers': [11]}": 0.000517218722961843,
    "{'normalization': 'min-max', 'hidden_layers': [38, 11, 38]}": 0.0009863359155133367,
    "{'normalization': 'min-max', 'hidden_layers': [58, 38, 29, 10, 29, 38, 58]}": 0.00325396447442472,
    "{'normalization': 'min-max', 'hidden_layers': [29]}": 0.0003979221801273525,
    "{'normalization': 'min-max', 'hidden_layers': [58, 29, 58]}": 0.0009100546594709158,
    "{'normalization': 'min-max', 'hidden_layers': [86, 58, 38, 29, 38, 58, 86]}": 0.0032599682454019785
  },
  "[[0, 2, 3, 4, 5, 6, 7, 8]]": {
    "{'normalization': '0-mean 1-var', 'hidden_layers': [11]}": 0.13346491754055023,
    "{'normalization': '0-mean 1-var', 'hidden_layers': [38, 11, 38]}": 0.028272051364183426,
    "{'normalization': '0-mean 1-var', 'hidden_layers': [58, 38, 29, 10, 29, 38, 58]}": 0.01680709235370159,
    "{'normalization': '0-mean 1-var', 'hidden_layers': [29]}": 0.021004842594265938,
    "{'normalization': '0-mean 1-var', 'hidden_layers': [58, 29, 58]}": 0.006096638273447752,
    "{'normalization': '0-mean 1-var', 'hidden_layers': [86, 58, 38, 29, 38, 58, 86]}": 0.02209148369729519,
    "{'normalization': 'min-max', 'hidden_layers': [11]}": 0.0004901064676232636,
    "{'normalization': 'min-max', 'hidden_layers': [38, 11, 38]}": 0.0008666872745379806,
    "{'normalization': 'min-max', 'hidden_layers': [58, 38, 29, 10, 29, 38, 58]}": 0.0030009865295141935,
    "{'normalization': 'min-max', 'hidden_layers': [29]}": 0.0003881684970110655,
    "{'normalization': 'min-max', 'hidden_layers': [58, 29, 58]}": 0.0008860525558702648,
    "{'normalization': 'min-max', 'hidden_layers': [86, 58, 38, 29, 38, 58, 86]}": 0.0030052587389945984
  },
  "[[0, 1, 3, 4, 5, 6, 7, 8]]": {
    "{'normalization': '0-mean 1-var', 'hidden_layers': [11]}": 0.13163836300373077,
    "{'normalization': '0-mean 1-var', 'hidden_layers': [38, 11, 38]}": 0.028751475736498833,
    "{'normalization': '0-mean 1-var', 'hidden_layers': [58, 38, 29, 10, 29, 38, 58]}": 0.01938873715698719,
    "{'normalization': '0-mean 1-var', 'hidden_layers': [29]}": 0.021317675709724426,
    "{'normalization': '0-mean 1-var', 'hidden_layers': [58, 29, 58]}": 0.00822827871888876,
    "{'normalization': '0-mean 1-var', 'hidden_layers': [86, 58, 38, 29, 38, 58, 86]}": 0.015249748714268208,
    "{'normalization': 'min-max', 'hidden_layers': [11]}": 0.000514657876919955,
    "{'normalization': 'min-max', 'hidden_layers': [38, 11, 38]}": 0.0008972561918199062,
    "{'normalization': 'min-max', 'hidden_layers': [58, 38, 29, 10, 29, 38, 58]}": 0.003195296972990036,
    "{'normalization': 'min-max', 'hidden_layers': [29]}": 0.0004020895285066217,
    "{'normalization': 'min-max', 'hidden_layers': [58, 29, 58]}": 0.0008927885792218149,
    "{'normalization': 'min-max', 'hidden_layers': [86, 58, 38, 29, 38, 58, 86]}": 0.0031940231565386057
  },
  "[[0, 1, 2, 4, 5, 6, 7, 8]]": {
    "{'normalization': '0-mean 1-var', 'hidden_layers': [11]}": 0.11813168972730637,
    "{'normalization': '0-mean 1-var', 'hidden_layers': [38, 11, 38]}": 0.01924220658838749,
    "{'normalization': '0-mean 1-var', 'hidden_layers': [58, 38, 29, 10, 29, 38, 58]}": 0.012102105654776096,
    "{'normalization': '0-mean 1-var', 'hidden_layers': [29]}": 0.017654074355959892,
    "{'normalization': '0-mean 1-var', 'hidden_layers': [58, 29, 58]}": 0.010082777589559555,
    "{'normalization': '0-mean 1-var', 'hidden_layers': [86, 58, 38, 29, 38, 58, 86]}": 0.015857286751270294,
    "{'normalization': 'min-max', 'hidden_layers': [11]}": 0.0005437037325464189,
    "{'normalization': 'min-max', 'hidden_layers': [38, 11, 38]}": 0.001051613362506032,
    "{'normalization': 'min-max', 'hidden_layers': [58, 38, 29, 10, 29, 38, 58]}": 0.0023560039699077606,
    "{'normalization': 'min-max', 'hidden_layers': [29]}": 0.00037594418972730637,
    "{'normalization': 'min-max', 'hidden_layers': [58, 29, 58]}": 0.0009373637149110436,
    "{'normalization': 'min-max', 'hidden_layers': [86, 58, 38, 29, 38, 58, 86]}": 0.0028236773796379566
  },
  "[[0, 1, 2, 3, 5, 6, 7, 8]]": {
    "{'normalization': '0-mean 1-var', 'hidden_layers': [11]}": 0.13796783983707428,
    "{'normalization': '0-mean 1-var', 'hidden_layers': [38, 11, 38]}": 0.031215062364935875,
    "{'normalization': '0-mean 1-var', 'hidden_layers': [58, 38, 29, 10, 29, 38, 58]}": 0.019044794142246246,
    "{'normalization': '0-mean 1-var', 'hidden_layers': [29]}": 0.022790895774960518,
    "{'normalization': '0-mean 1-var', 'hidden_layers': [58, 29, 58]}": 0.010822316631674767,
    "{'normalization': '0-mean 1-var', 'hidden_layers': [86, 58, 38, 29, 38, 58, 86]}": 0.011580978520214558,
    "{'normalization': 'min-max', 'hidden_layers': [11]}": 0.0005065225996077061,
    "{'normalization': 'min-max', 'hidden_layers': [38, 11, 38]}": 0.0008912383345887065,
    "{'normalization': 'min-max', 'hidden_layers': [58, 38, 29, 10, 29, 38, 58]}": 0.00308439158834517,
    "{'normalization': 'min-max', 'hidden_layers': [29]}": 0.00040000947774387896,
    "{'normalization': 'min-max', 'hidden_layers': [58, 29, 58]}": 0.000895015022251755,
    "{'normalization': 'min-max', 'hidden_layers': [86, 58, 38, 29, 38, 58, 86]}": 0.0030798909720033407
  },
  "[[0, 1, 2, 3, 4, 6, 7, 8]]": {
    "{'normalization': '0-mean 1-var', 'hidden_layers': [11]}": 0.13858109712600708,
    "{'normalization': '0-mean 1-var', 'hidden_layers': [38, 11, 38]}": 0.0318906307220459,
    "{'normalization': '0-mean 1-var', 'hidden_layers': [58, 38, 29, 10, 29, 38, 58]}": 0.022808389738202095,
    "{'normalization': '0-mean 1-var', 'hidden_layers': [29]}": 0.022442882880568504,
    "{'normalization': '0-mean 1-var', 'hidden_layers': [58, 29, 58]}": 0.011885885149240494,
    "{'normalization': '0-mean 1-var', 'hidden_layers': [86, 58, 38, 29, 38, 58, 86]}": 0.017778029665350914,
    "{'normalization': 'min-max', 'hidden_layers': [11]}": 0.00046947418013587594,
    "{'normalization': 'min-max', 'hidden_layers': [38, 11, 38]}": 0.0008744815131649375,
    "{'normalization': 'min-max', 'hidden_layers': [58, 38, 29, 10, 29, 38, 58]}": 0.0027056997641921043,
    "{'normalization': 'min-max', 'hidden_layers': [29]}": 0.0003782511339522898,
    "{'normalization': 'min-max', 'hidden_layers': [58, 29, 58]}": 0.0008702877094037831,
    "{'normalization': 'min-max', 'hidden_layers': [86, 58, 38, 29, 38, 58, 86]}": 0.0027060345746576786
  },
  "[[0, 1, 2, 3, 4, 5, 7, 8]]": {
    "{'normalization': '0-mean 1-var', 'hidden_layers': [11]}": 0.12829585373401642,
    "{'normalization': '0-mean 1-var', 'hidden_layers': [38, 11, 38]}": 0.026688043028116226,
    "{'normalization': '0-mean 1-var', 'hidden_layers': [58, 38, 29, 10, 29, 38, 58]}": 0.023092295974493027,
    "{'normalization': '0-mean 1-var', 'hidden_layers': [29]}": 0.020955195650458336,
    "{'normalization': '0-mean 1-var', 'hidden_layers': [58, 29, 58]}": 0.012202414683997631,
    "{'normalization': '0-mean 1-var', 'hidden_layers': [86, 58, 38, 29, 38, 58, 86]}": 0.014754067175090313,
    "{'normalization': 'min-max', 'hidden_layers': [11]}": 0.0004877170140389353,
    "{'normalization': 'min-max', 'hidden_layers': [38, 11, 38]}": 0.0008464969578199089,
    "{'normalization': 'min-max', 'hidden_layers': [58, 38, 29, 10, 29, 38, 58]}": 0.002116358606144786,
    "{'normalization': 'min-max', 'hidden_layers': [29]}": 0.000386330095352605,